{
    "resort":[
        {
        "1":"https://images.thrillophilia.com/image/upload/s--Mdk0DlL2--/c_fill,g_center,h_642,q_auto,w_1280/f_auto,fl_strip_profile/v1/images/photos/000/141/344/original/1547813508_nandihillss.jpg.jpg",
        "2":"https://www.holidify.com/images/cmsuploads/compressed/96977642_20230112122409.jpg",
        "3":"https://img.traveltriangle.com/blog/wp-content/uploads/2019/12/cover-for-Luxury-Resorts-In-Bangalore_5th-dec.jpg",
        "4":"https://pyt-blogs.imgix.net/2020/06/sara-dubler-Koei_7yYtIo-unsplash-1-scaled.jpg?auto=format&fit=scale&h=683&ixlib=php-3.3.0&w=1024&wpsize=large",
        "5":"https://www.travelxp.com/pages/wp-content/uploads/2022/06/Blog-post-7-1.png"

        },
        {
            
        }
    ]
}